ID|TIMESTAMP|USER|SOURCE_ACCOUNT|DEST_ACCOUNT|AMOUNT
1|2026-01-01 12:48:25|Kareem|ACC13|ACC15|8918
2|2026-01-01 18:55:46|Aarav|ACC18|ACC7|6067
3|2026-01-01 22:23:04|Talia|ACC8|ACC20|6925
4|2026-01-02 03:54:49|Anne|ACC5|ACC10|6092
5|2026-01-02 18:48:35|Samir|ACC3|ACC9|6758
6|2026-01-03 03:16:42|Jean|ACC17|ACC15|4044
7|2026-01-03 11:49:28|Leila|ACC20|ACC15|6028
8|2026-01-04 07:01:53|Marie|ACC11|ACC9|1237
9|2026-01-04 17:34:37|Zainab|ACC10|ACC15|1506
10|2026-01-04 17:59:49|Mira|ACC6|ACC17|3575
11|2026-01-04 22:33:25|Sylvie|ACC11|ACC8|1135
12|2026-01-04 23:05:15|Faisal|ACC15|ACC17|3837
13|2026-01-05 10:26:41|Philippe|ACC5|ACC17|7449
14|2026-01-05 13:26:33|André|ACC18|ACC5|7141
15|2026-01-05 13:29:26|Sana|ACC15|ACC16|3968
16|2026-01-05 20:50:47|Richard|ACC4|ACC8|410
17|2026-01-05 21:06:05|Elias|ACC5|ACC3|4935
18|2026-01-06 01:01:58|Mohamed|ACC2|ACC20|4436
19|2026-01-06 11:35:04|Charles|ACC16|ACC13|6425
20|2026-01-06 12:50:10|Mary|ACC14|ACC9|1039
21|2026-01-06 14:57:32|Elias|ACC8|ACC16|4768
22|2026-01-06 15:25:34|Dawood|ACC3|ACC19|1087
23|2026-01-06 15:43:46|Sarah|ACC11|ACC9|523
24|2026-01-06 20:28:51|Walid|ACC5|ACC1|4372
25|2026-01-06 22:33:03|Mohamed|ACC14|ACC20|9360
26|2026-01-07 03:38:53|Pierre|ACC11|ACC17|1747
27|2026-01-07 20:17:40|Nour|ACC4|ACC16|2284
28|2026-01-07 22:58:11|Jennifer|ACC11|ACC3|5501
29|2026-01-07 23:20:40|Michelle|ACC12|ACC19|1780
30|2026-01-08 00:16:47|Tariq|ACC10|ACC7|2348
31|2026-01-08 14:29:44|Samira|ACC7|ACC4|7550
32|2026-01-09 11:15:39|Jean|ACC16|ACC18|6830
33|2026-01-09 15:06:17|Pierre|ACC11|ACC19|7733
34|2026-01-09 16:39:48|Oumar|ACC10|ACC7|817
35|2026-01-09 20:10:41|Tariq|ACC19|ACC7|3917
36|2026-01-10 02:10:16|Leila|ACC10|ACC20|4828
37|2026-01-10 11:18:05|Laurence|ACC15|ACC2|1032
38|2026-01-10 14:03:59|Vincent|ACC15|ACC19|4682
39|2026-01-10 17:05:37|Juan|ACC9|ACC12|6612
40|2026-01-10 19:34:28|Sana|ACC17|ACC9|2270
41|2026-01-10 21:33:27|Elizabeth|ACC8|ACC4|5041
42|2026-01-10 23:12:40|Marie|ACC12|ACC18|2721
43|2026-01-11 09:02:10|Layla|ACC18|ACC14|9866
44|2026-01-11 11:56:21|Linda|ACC10|ACC11|7405
45|2026-01-11 13:34:56|Marie|ACC15|ACC20|4084
46|2026-01-11 22:11:27|Fouad|ACC20|ACC8|8253
47|2026-01-12 07:43:21|Jennifer|ACC20|ACC1|928
48|2026-01-12 08:20:05|Barbara|ACC19|ACC20|439
49|2026-01-12 15:54:00|Zainab|ACC8|ACC15|9748
50|2026-01-13 04:09:56|John|ACC18|ACC7|7146
51|2026-01-13 08:32:55|Georges|ACC5|ACC14|7532
52|2026-01-13 09:25:13|Walid|ACC17|ACC18|9242
53|2026-01-13 15:57:11|Jessica|ACC15|ACC11|1200
54|2026-01-13 20:18:53|Barbara|ACC13|ACC10|4228
55|2026-01-14 00:57:22|Aisha|ACC12|ACC19|1624
56|2026-01-14 03:19:55|Mariam|ACC10|ACC16|5996
57|2026-01-14 03:30:24|Isabelle|ACC5|ACC9|3244
58|2026-01-14 11:37:07|Aziz|ACC15|ACC4|4482
59|2026-01-14 12:11:54|Ibrahim|ACC15|ACC19|8690
60|2026-01-15 00:56:19|Khalid|ACC1|ACC13|3998
61|2026-01-15 02:22:44|Marie|ACC16|ACC3|9553
62|2026-01-15 03:53:49|Charles|ACC18|ACC5|4562
63|2026-01-15 05:09:29|Dawood|ACC10|ACC12|7560
64|2026-01-15 10:29:22|Aziz|ACC10|ACC4|882
65|2026-01-15 18:11:53|Jacques|ACC18|ACC1|8543
66|2026-01-15 19:49:36|Walid|ACC5|ACC10|2430
67|2026-01-16 07:00:42|Anwar|ACC4|ACC19|3133
68|2026-01-16 13:23:57|Anne|ACC13|ACC16|6434
69|2026-01-16 20:52:46|Barbara|ACC18|ACC13|6564
70|2026-01-17 01:31:22|Zeina|ACC12|ACC2|5962
71|2026-01-17 02:26:52|Aziz|ACC12|ACC13|6372
72|2026-01-17 15:19:36|Isabelle|ACC4|ACC3|7902
73|2026-01-17 17:14:30|David|ACC4|ACC20|3671
74|2026-01-18 01:36:51|Talia|ACC18|ACC11|2968
75|2026-01-18 01:39:03|Oumar|ACC10|ACC17|2002
76|2026-01-18 02:41:46|Claire|ACC6|ACC16|1538
77|2026-01-18 05:29:29|Dina|ACC13|ACC5|3605
78|2026-01-18 05:38:28|Fatima|ACC10|ACC4|8417
79|2026-01-18 12:07:32|Yuki|ACC16|ACC18|7587
80|2026-01-18 19:16:37|Elias|ACC13|ACC11|4666
81|2026-01-18 22:57:47|Dina|ACC3|ACC6|249
82|2026-01-18 23:03:32|Kareem|ACC8|ACC10|2625
83|2026-01-19 00:53:21|Awa|ACC8|ACC17|1293
84|2026-01-19 09:19:10|Yasmin|ACC6|ACC5|1334
85|2026-01-20 02:15:09|Claire|ACC4|ACC12|1481
86|2026-01-20 05:43:52|Dmitri|ACC20|ACC2|1436
87|2026-01-20 05:59:26|Mira|ACC17|ACC15|2004
88|2026-01-20 16:00:40|Hassan|ACC16|ACC15|5061
89|2026-01-20 22:04:23|Christine|ACC5|ACC12|5318
90|2026-01-20 23:54:39|Michelle|ACC8|ACC4|5836
91|2026-01-21 06:35:03|Elizabeth|ACC20|ACC6|7270
92|2026-01-21 14:18:25|Mary|ACC10|ACC20|5611
93|2026-01-21 15:57:13|Monique|ACC10|ACC18|228
94|2026-01-21 16:00:19|Sophie|ACC16|ACC15|3442
95|2026-01-22 15:49:33|Samira|ACC14|ACC10|8033
96|2026-01-22 23:33:23|Mary|ACC2|ACC20|6647
97|2026-01-23 14:29:58|Anwar|ACC10|ACC17|9535
98|2026-01-23 18:59:46|John|ACC9|ACC19|8021
99|2026-01-23 20:05:39|Jamal|ACC11|ACC19|7085
100|2026-01-23 20:05:50|Fatima|ACC6|ACC1|6793
101|2026-01-23 22:51:46|Catherine|ACC15|ACC20|9594
102|2026-01-24 01:49:50|Lina|ACC13|ACC11|3567
103|2026-01-24 03:07:01|Isabelle|ACC12|ACC3|8718
104|2026-01-24 04:41:52|Anne|ACC17|ACC2|2134
105|2026-01-24 04:55:50|Chen|ACC14|ACC12|6366
106|2026-01-24 19:35:07|Philippe|ACC8|ACC9|5027
107|2026-01-24 19:44:18|Jennifer|ACC2|ACC18|654
108|2026-01-24 20:01:42|Ali|ACC15|ACC7|7283
109|2026-01-25 07:52:41|Sarah|ACC16|ACC9|9759
110|2026-01-25 21:23:35|Jessica|ACC18|ACC7|7954
111|2026-01-26 12:00:36|Dina|ACC13|ACC20|4126
112|2026-01-26 16:45:32|Dawood|ACC10|ACC8|3752
113|2026-01-27 09:05:06|David|ACC4|ACC13|9273
114|2026-01-27 09:43:23|Louis|ACC5|ACC11|7278
115|2026-01-27 10:08:03|Dmitri|ACC3|ACC20|1767
116|2026-01-27 12:07:22|Kareem|ACC1|ACC8|3213
117|2026-01-28 02:03:18|Amina|ACC17|ACC10|3936
118|2026-01-28 07:21:25|Sofia|ACC18|ACC9|9308
119|2026-01-28 18:24:47|Paul|ACC12|ACC2|8016
120|2026-01-28 21:14:20|Talia|ACC2|ACC3|4709
121|2026-01-28 22:16:39|Ibrahim|ACC16|ACC7|2109
122|2026-01-29 04:07:51|Laurence|ACC4|ACC6|8265
123|2026-01-29 04:51:47|Michelle|ACC5|ACC16|6221
124|2026-01-29 09:56:14|Anne|ACC16|ACC1|6471
125|2026-01-29 12:07:35|Priya|ACC6|ACC3|8463
126|2026-01-29 15:37:24|Sylvie|ACC20|ACC18|530
127|2026-01-31 09:53:34|Bashir|ACC11|ACC19|1420
128|2026-01-31 13:53:06|Céline|ACC12|ACC20|4947
129|2026-01-31 15:17:07|Michael|ACC20|ACC15|1129
130|2026-02-01 01:50:53|David|ACC17|ACC8|3914
131|2026-02-01 04:07:49|Ali|ACC6|ACC17|8582
132|2026-02-01 09:17:02|Tariq|ACC11|ACC3|7469
133|2026-02-01 14:47:07|Kareem|ACC15|ACC3|1081
134|2026-02-02 02:58:55|Philippe|ACC1|ACC19|953
135|2026-02-02 07:08:49|Michael|ACC18|ACC9|2150
136|2026-02-02 11:46:12|Omar|ACC13|ACC18|118
137|2026-02-02 17:32:36|Aarav|ACC10|ACC12|1986
138|2026-02-03 13:57:55|Aziz|ACC15|ACC9|5500
139|2026-02-03 14:24:36|Khalid|ACC10|ACC16|5280
140|2026-02-04 03:00:28|Thomas|ACC14|ACC3|7155
141|2026-02-04 10:57:49|Faisal|ACC16|ACC5|1136
142|2026-02-04 11:14:59|Selma|ACC12|ACC1|3072
143|2026-02-04 13:43:56|Barbara|ACC20|ACC2|1292
144|2026-02-04 16:07:59|Linda|ACC14|ACC17|7342
145|2026-02-04 16:21:33|Christine|ACC5|ACC15|1602
146|2026-02-05 06:51:44|Jessica|ACC4|ACC2|6968
147|2026-02-05 15:06:27|Selma|ACC17|ACC9|142
148|2026-02-06 02:52:38|Dawood|ACC15|ACC9|7949
149|2026-02-06 10:17:36|Richard|ACC15|ACC3|3924
150|2026-02-06 10:52:12|Valérie|ACC19|ACC16|2534
151|2026-02-06 12:59:49|Priya|ACC2|ACC12|4576
152|2026-02-06 18:46:01|Linda|ACC20|ACC11|1630
153|2026-02-06 22:01:16|Tariq|ACC11|ACC7|4425
154|2026-02-06 23:30:59|Nadia|ACC3|ACC20|3904
155|2026-02-07 07:55:34|Nadia|ACC19|ACC18|1098
156|2026-02-07 08:16:56|Elias|ACC6|ACC11|331
157|2026-02-07 13:03:04|Vera|ACC14|ACC5|4100
158|2026-02-07 15:03:58|Wafa|ACC3|ACC19|4077
159|2026-02-08 00:14:47|Jean|ACC11|ACC14|5499
160|2026-02-08 01:37:36|Aarav|ACC4|ACC1|5720
161|2026-02-08 05:12:57|Linda|ACC17|ACC8|6875
162|2026-02-08 05:54:52|Henry|ACC8|ACC20|6475
163|2026-02-08 08:11:13|Kareem|ACC10|ACC7|8111
164|2026-02-08 10:01:04|Nadia|ACC18|ACC20|2969
165|2026-02-08 21:12:24|Jessica|ACC19|ACC1|4385
166|2026-02-09 11:48:37|Priya|ACC19|ACC3|961
167|2026-02-09 12:48:10|Zainab|ACC19|ACC17|3585
168|2026-02-09 20:03:19|Karim|ACC18|ACC14|1627
169|2026-02-10 16:06:48|Mary|ACC17|ACC14|9076
170|2026-02-10 17:28:08|Dawood|ACC18|ACC9|4815
171|2026-02-11 15:07:40|Nasir|ACC7|ACC5|8937
172|2026-02-11 21:57:44|Elizabeth|ACC7|ACC17|5247
173|2026-02-11 22:08:50|Rashid|ACC3|ACC6|4605
174|2026-02-12 01:00:17|Omar|ACC9|ACC6|9612
175|2026-02-12 05:22:20|Juan|ACC20|ACC1|4642
176|2026-02-12 14:59:15|Elizabeth|ACC16|ACC10|6661
177|2026-02-13 06:48:06|Catherine|ACC16|ACC12|8607
178|2026-02-13 14:43:14|Jessica|ACC6|ACC16|2191
179|2026-02-13 22:05:16|Rashid|ACC11|ACC12|5758
180|2026-02-14 14:52:03|Bashir|ACC11|ACC4|2734
181|2026-02-14 19:23:47|Luc|ACC12|ACC3|8389
182|2026-02-14 23:29:59|Aleksandra|ACC5|ACC9|1784
183|2026-02-15 09:24:22|Selma|ACC9|ACC10|9206
184|2026-02-15 16:31:13|Faisal|ACC10|ACC9|3877
185|2026-02-15 20:08:07|Fouad|ACC14|ACC6|9698
186|2026-02-16 03:17:16|Maria|ACC13|ACC1|4432
187|2026-02-16 04:08:47|Henry|ACC7|ACC20|9039
188|2026-02-16 18:40:15|Catherine|ACC15|ACC4|7792
189|2026-02-17 05:33:26|William|ACC16|ACC3|1594
190|2026-02-17 10:17:59|Wafa|ACC14|ACC11|9895
191|2026-02-17 10:27:07|Fatima|ACC3|ACC18|6399
192|2026-02-17 17:01:03|Yuki|ACC18|ACC5|1512
193|2026-02-17 19:40:04|Sophie|ACC19|ACC5|6897
194|2026-02-18 08:21:42|Nour|ACC15|ACC12|2641
195|2026-02-18 15:17:08|Paul|ACC11|ACC6|6162
196|2026-02-18 23:14:55|Vera|ACC4|ACC9|7824
197|2026-02-19 02:58:16|Vera|ACC8|ACC1|5321
198|2026-02-19 06:56:23|Jacques|ACC17|ACC5|1243
199|2026-02-19 09:39:20|Juan|ACC15|ACC10|7030
200|2026-02-19 17:07:01|Awa|ACC13|ACC12|4255
201|2026-02-19 20:26:59|Layla|ACC9|ACC10|7411
202|2026-02-19 20:59:34|Samir|ACC9|ACC2|7244
203|2026-02-20 01:32:24|Anne|ACC1|ACC16|1375
204|2026-02-20 08:42:49|Louis|ACC11|ACC10|6336
205|2026-02-20 19:46:16|Philippe|ACC9|ACC2|3231
206|2026-02-21 04:21:53|Henry|ACC8|ACC20|9840
207|2026-02-21 10:45:52|Louis|ACC5|ACC8|6988
208|2026-02-21 13:48:30|Fouad|ACC18|ACC16|1019
209|2026-02-21 19:04:36|Mohamed|ACC13|ACC10|5662
210|2026-02-21 19:56:59|Mariam|ACC10|ACC11|3543
211|2026-02-22 00:25:53|Ibrahim|ACC17|ACC9|8877
212|2026-02-22 15:09:52|Sylvie|ACC17|ACC5|6463
213|2026-02-22 18:16:14|Priya|ACC20|ACC16|1120
214|2026-02-23 01:56:20|Jean|ACC17|ACC12|3962
215|2026-02-23 02:16:01|Tariq|ACC14|ACC13|9669
216|2026-02-23 03:27:43|Anwar|ACC14|ACC11|4276
217|2026-02-23 05:54:01|Aleksandra|ACC7|ACC5|4196
218|2026-02-23 09:56:44|Sana|ACC17|ACC4|5755
219|2026-02-23 19:59:49|Philippe|ACC18|ACC7|4154
220|2026-02-24 03:55:50|Thierry|ACC15|ACC3|1423
221|2026-02-25 02:32:51|David|ACC11|ACC12|2141
222|2026-02-25 04:02:14|Ibrahim|ACC19|ACC16|8733
223|2026-02-25 13:11:12|Michael|ACC15|ACC5|7235
224|2026-02-25 16:20:30|Sylvie|ACC18|ACC17|6785
225|2026-02-25 21:06:59|James|ACC11|ACC16|7338
226|2026-02-25 23:06:42|Aleksandra|ACC16|ACC3|7800
227|2026-02-26 04:31:39|Laurence|ACC10|ACC14|4560
228|2026-02-26 07:46:50|Christine|ACC16|ACC6|1489
229|2026-02-26 11:25:16|Sophie|ACC5|ACC15|3440
230|2026-02-26 12:11:14|Anne|ACC20|ACC5|5022
231|2026-02-26 12:24:17|Rania|ACC2|ACC10|7927
232|2026-02-26 19:04:50|François|ACC20|ACC6|6062
233|2026-02-27 00:37:40|Aisha|ACC10|ACC8|6725
234|2026-02-27 05:47:41|Charles|ACC16|ACC15|4346
235|2026-02-27 08:19:09|Pierre|ACC11|ACC16|6632
236|2026-02-27 09:01:35|Rashid|ACC4|ACC2|4854
237|2026-02-27 13:10:53|Christine|ACC19|ACC4|7505
238|2026-02-27 13:44:39|Fouad|ACC3|ACC19|2278
239|2026-02-27 19:36:32|Michelle|ACC12|ACC11|9142
240|2026-02-27 20:33:09|Jennifer|ACC20|ACC11|5279
241|2026-02-27 21:33:41|Luc|ACC13|ACC1|3619
242|2026-02-27 21:37:12|Philippe|ACC10|ACC2|3892
243|2026-02-28 09:17:46|David|ACC1|ACC16|4812
244|2026-02-28 11:54:00|Selma|ACC13|ACC9|7006
245|2026-02-28 15:05:21|Patricia|ACC19|ACC7|6391
246|2026-02-28 19:24:38|Selma|ACC18|ACC12|4431
247|2026-02-28 23:25:23|Ali|ACC2|ACC17|6680
248|2026-03-01 02:44:29|Rashid|ACC8|ACC14|9231
249|2026-03-01 09:19:46|Chen|ACC12|ACC6|1976
250|2026-03-01 10:15:32|Priya|ACC13|ACC18|8741
251|2026-03-01 11:10:13|Jamal|ACC13|ACC18|5195
252|2026-03-01 11:13:12|Jessica|ACC1|ACC14|4269
253|2026-03-01 15:51:31|Sofia|ACC19|ACC9|5380
254|2026-03-01 19:25:46|John|ACC12|ACC10|4385
255|2026-03-01 21:07:44|Louis|ACC2|ACC16|9466
256|2026-03-01 21:25:47|Elizabeth|ACC17|ACC5|5751
257|2026-03-02 00:36:20|Vera|ACC11|ACC4|6924
258|2026-03-02 09:52:12|Awa|ACC3|ACC10|8997
259|2026-03-04 20:12:48|Lucia|ACC8|ACC17|8141
260|2026-03-05 04:53:09|Vincent|ACC15|ACC9|3259
261|2026-03-05 14:33:03|Nour|ACC5|ACC1|1846
262|2026-03-05 15:40:46|Nasir|ACC5|ACC14|8825
263|2026-03-05 18:44:26|Laurence|ACC16|ACC10|8248
264|2026-03-05 20:02:53|John|ACC11|ACC9|8105
265|2026-03-05 21:45:17|John|ACC16|ACC10|8893
266|2026-03-05 22:50:03|Monique|ACC10|ACC11|8012
267|2026-03-06 08:03:58|Mary|ACC2|ACC18|5041
268|2026-03-06 12:35:32|Moussa|ACC4|ACC15|3903
269|2026-03-06 17:47:12|Hamza|ACC2|ACC4|7039
270|2026-03-06 18:33:29|Georges|ACC16|ACC20|5011
271|2026-03-06 19:20:15|Jamal|ACC2|ACC18|1412
272|2026-03-06 19:39:36|Catherine|ACC15|ACC3|9898
273|2026-03-06 21:29:16|Bashir|ACC4|ACC16|1733
274|2026-03-06 23:31:29|Nasir|ACC2|ACC9|7272
275|2026-03-07 08:09:51|Layla|ACC7|ACC5|3978
276|2026-03-07 11:56:22|Aisha|ACC13|ACC4|3127
277|2026-03-07 13:10:25|Ibrahim|ACC12|ACC10|3053
278|2026-03-07 14:36:50|Vincent|ACC2|ACC3|737
279|2026-03-07 15:07:30|Paul|ACC19|ACC2|9255
280|2026-03-08 05:34:16|Kareem|ACC6|ACC7|5386
281|2026-03-08 11:31:07|Lina|ACC7|ACC12|4010
282|2026-03-08 13:10:19|Robert|ACC16|ACC15|945
283|2026-03-08 23:43:14|Marc|ACC9|ACC6|9690
284|2026-03-09 04:38:11|Thomas|ACC8|ACC1|472
285|2026-03-09 13:10:19|Fatima|ACC19|ACC4|1111
286|2026-03-09 15:00:08|Henry|ACC6|ACC7|2968
287|2026-03-09 16:38:10|Karim|ACC5|ACC15|2629
288|2026-03-10 01:21:28|Nasir|ACC14|ACC6|695
289|2026-03-10 04:29:59|Paul|ACC12|ACC9|9677
290|2026-03-11 10:34:18|Kareem|ACC6|ACC7|6022
291|2026-03-11 18:28:16|Juan|ACC17|ACC19|433
292|2026-03-12 10:38:10|Richard|ACC5|ACC17|1780
293|2026-03-12 19:19:48|Dawood|ACC14|ACC19|5519
294|2026-03-12 21:15:50|André|ACC14|ACC10|2597
295|2026-03-13 00:21:07|Omar|ACC3|ACC6|9038
296|2026-03-13 12:00:07|David|ACC4|ACC15|5893
297|2026-03-14 00:59:12|Mohamed|ACC14|ACC5|7664
298|2026-03-14 01:47:08|James|ACC16|ACC10|3870
299|2026-03-14 20:27:18|Samir|ACC12|ACC19|4828
300|2026-03-14 22:36:39|Nadia|ACC20|ACC4|3504
301|2026-03-14 23:57:39|Oumar|ACC6|ACC12|356
302|2026-03-15 08:48:31|Joseph|ACC5|ACC11|7132
303|2026-03-15 18:58:22|Leila|ACC13|ACC6|2374
304|2026-03-16 05:08:57|Dawood|ACC10|ACC14|2212
305|2026-03-16 11:12:07|Maria|ACC1|ACC17|4450
306|2026-03-16 20:56:37|Walid|ACC15|ACC12|6508
307|2026-03-17 10:53:30|Michael|ACC14|ACC9|7584
308|2026-03-17 11:47:17|Ibrahim|ACC6|ACC10|958
309|2026-03-18 01:13:20|Claire|ACC20|ACC2|4109
310|2026-03-18 03:05:04|Zeina|ACC18|ACC13|5481
311|2026-03-18 17:26:54|André|ACC13|ACC19|8400
312|2026-03-18 19:19:01|Rana|ACC15|ACC18|7148
313|2026-03-18 21:46:26|Juan|ACC11|ACC14|302
314|2026-03-18 22:27:08|Yasmin|ACC15|ACC4|2319
315|2026-03-18 23:14:07|Mohamed|ACC4|ACC9|5916
316|2026-03-19 06:34:12|Monique|ACC10|ACC12|1780
317|2026-03-19 12:49:39|Walid|ACC7|ACC10|2340
318|2026-03-19 15:30:51|Leila|ACC15|ACC12|7425
319|2026-03-19 23:57:03|Elizabeth|ACC9|ACC1|3055
320|2026-03-20 00:11:28|Mohamed|ACC1|ACC10|3633
321|2026-03-20 00:34:10|Aziz|ACC7|ACC3|1753
322|2026-03-20 17:37:42|Samir|ACC8|ACC10|9243
323|2026-03-21 19:10:03|Hamza|ACC12|ACC9|6602
324|2026-03-21 23:02:58|André|ACC18|ACC11|6340
325|2026-03-22 01:57:06|Hana|ACC5|ACC20|5078
326|2026-03-22 03:32:15|Patricia|ACC2|ACC11|7322
327|2026-03-22 07:40:59|Lina|ACC3|ACC7|4029
328|2026-03-22 08:42:38|Samira|ACC15|ACC3|4781
329|2026-03-22 10:27:47|Dina|ACC3|ACC15|1712
330|2026-03-22 11:01:31|Mary|ACC18|ACC3|8334
331|2026-03-22 15:33:14|Sylvie|ACC16|ACC2|5742
332|2026-03-22 17:45:56|Monique|ACC2|ACC4|3946
333|2026-03-22 22:33:50|Priya|ACC13|ACC5|4068
334|2026-03-23 00:20:38|Richard|ACC6|ACC3|8289
335|2026-03-23 04:09:05|Isabelle|ACC17|ACC7|5824
336|2026-03-23 09:32:15|Jamal|ACC15|ACC19|7107
337|2026-03-23 16:54:12|Richard|ACC10|ACC15|2011
338|2026-03-23 23:55:54|Anne|ACC13|ACC1|3332
339|2026-03-24 03:58:54|Barbara|ACC6|ACC9|8554
340|2026-03-24 06:08:23|Valérie|ACC19|ACC5|2904
341|2026-03-24 12:25:25|Karim|ACC14|ACC17|1829
342|2026-03-25 02:55:27|Bashir|ACC18|ACC13|5288
343|2026-03-25 03:36:18|Thierry|ACC20|ACC14|4683
344|2026-03-25 06:51:12|Mira|ACC20|ACC16|8314
345|2026-03-25 07:40:31|Chen|ACC19|ACC14|596
346|2026-03-25 12:39:42|Layla|ACC6|ACC19|6539
347|2026-03-25 13:05:27|Elizabeth|ACC8|ACC2|2036
348|2026-03-25 17:19:10|Michelle|ACC7|ACC11|5362
349|2026-03-26 13:50:16|Mohamed|ACC20|ACC10|4137
350|2026-03-26 17:25:01|Isabelle|ACC13|ACC11|2937
351|2026-03-26 17:45:44|Ibrahim|ACC1|ACC19|9138
352|2026-03-26 19:45:18|Laurence|ACC14|ACC2|3173
353|2026-03-26 22:44:11|Jessica|ACC20|ACC11|9334
354|2026-03-26 23:44:21|Hana|ACC16|ACC2|2168
355|2026-03-27 11:13:45|Awa|ACC8|ACC14|9919
356|2026-03-27 13:48:15|Barbara|ACC6|ACC20|5030
357|2026-03-27 20:11:32|Kareem|ACC4|ACC6|4433
358|2026-03-28 07:01:58|Nasir|ACC20|ACC13|7107
359|2026-03-28 19:40:52|Bashir|ACC13|ACC5|1384
360|2026-03-28 19:54:03|Jamal|ACC3|ACC16|5761
361|2026-03-29 05:00:18|Mariam|ACC18|ACC6|6766
362|2026-03-29 07:28:42|Joseph|ACC19|ACC16|1589
363|2026-03-29 18:50:11|Dawood|ACC5|ACC19|9730
364|2026-03-29 21:41:34|Juan|ACC3|ACC18|7419
365|2026-03-30 04:16:29|Michael|ACC10|ACC13|3718
366|2026-03-30 08:51:30|Zeina|ACC19|ACC12|7853
367|2026-03-30 10:54:11|Ali|ACC2|ACC12|1019
368|2026-03-31 08:13:23|Kareem|ACC3|ACC2|1631
369|2026-03-31 09:53:21|Amina|ACC4|ACC20|4020
370|2026-03-31 10:44:56|Ibrahim|ACC13|ACC9|232
371|2026-03-31 15:09:28|Pierre|ACC5|ACC11|6267
372|2026-03-31 20:14:05|Linda|ACC16|ACC5|3211
373|2026-04-01 05:01:38|François|ACC7|ACC19|5425
374|2026-04-01 08:22:41|Vincent|ACC18|ACC12|1280
375|2026-04-01 19:26:50|Khalid|ACC9|ACC2|993
376|2026-04-01 23:18:24|Sophie|ACC10|ACC4|6736
377|2026-04-02 02:40:34|Mohamed|ACC9|ACC5|6325
378|2026-04-02 06:46:45|Karim|ACC11|ACC10|9402
379|2026-04-02 15:24:20|Maria|ACC13|ACC3|7457
380|2026-04-02 18:47:01|Layla|ACC10|ACC3|2726
381|2026-04-02 23:04:46|Hana|ACC13|ACC11|6009
382|2026-04-03 01:52:11|André|ACC16|ACC6|8689
383|2026-04-03 10:56:03|Vincent|ACC10|ACC15|5444
384|2026-04-03 23:54:17|James|ACC5|ACC12|1435
385|2026-04-04 11:25:14|Anne|ACC20|ACC17|1994
386|2026-04-04 12:49:20|Leila|ACC5|ACC19|8100
387|2026-04-04 23:55:27|Patricia|ACC4|ACC20|5547
388|2026-04-05 01:36:38|Marie|ACC15|ACC8|8943
389|2026-04-05 23:03:11|Ali|ACC3|ACC18|3624
390|2026-04-06 00:35:28|Talia|ACC3|ACC13|4050
391|2026-04-06 11:25:04|Nadia|ACC2|ACC20|7911
392|2026-04-06 19:53:02|Yuki|ACC20|ACC8|8099
393|2026-04-07 09:00:06|Michael|ACC9|ACC18|8039
394|2026-04-07 16:20:41|Dina|ACC18|ACC8|5170
395|2026-04-07 16:55:10|Henry|ACC20|ACC13|5611
396|2026-04-08 09:18:11|Rana|ACC11|ACC4|226
397|2026-04-08 09:48:45|Céline|ACC2|ACC7|7808
398|2026-04-08 09:49:18|Zainab|ACC5|ACC3|3170
399|2026-04-08 11:39:33|Tariq|ACC12|ACC11|6881
400|2026-04-08 14:40:55|Elias|ACC2|ACC14|938
401|2026-04-08 19:47:08|Fouad|ACC15|ACC11|3190
402|2026-04-08 23:04:26|Susan|ACC4|ACC16|2825
403|2026-04-09 14:54:25|Sofia|ACC19|ACC3|2153
404|2026-04-09 19:39:08|Sarah|ACC17|ACC2|5617
405|2026-04-10 05:57:45|Zeina|ACC4|ACC20|520
406|2026-04-10 15:28:44|Walid|ACC6|ACC18|7711
407|2026-04-11 02:48:02|Elias|ACC9|ACC8|8223
408|2026-04-11 03:56:08|Fouad|ACC2|ACC17|3744
409|2026-04-11 07:31:54|François|ACC16|ACC12|7901
410|2026-04-11 08:49:35|Mira|ACC13|ACC9|6537
411|2026-04-11 12:08:33|Nour|ACC5|ACC20|3462
412|2026-04-11 14:59:24|Yuki|ACC8|ACC10|2708
413|2026-04-12 07:15:44|Awa|ACC11|ACC10|8544
414|2026-04-12 10:00:02|Valérie|ACC2|ACC13|8412
415|2026-04-12 17:59:12|Ali|ACC12|ACC19|9476
416|2026-04-12 22:30:57|Walid|ACC17|ACC13|7481
417|2026-04-13 10:36:25|Elizabeth|ACC3|ACC15|8280
418|2026-04-13 16:55:01|David|ACC17|ACC19|9855
419|2026-04-14 04:06:04|Bashir|ACC6|ACC16|4315
420|2026-04-14 04:44:14|Sylvie|ACC2|ACC20|9301
421|2026-04-14 11:38:09|David|ACC12|ACC3|9111
422|2026-04-15 00:06:35|Charles|ACC7|ACC20|1296
423|2026-04-15 04:39:10|David|ACC17|ACC3|7037
424|2026-04-15 08:33:04|Barbara|ACC10|ACC8|3362
425|2026-04-15 11:55:17|Céline|ACC11|ACC7|2710
426|2026-04-15 12:33:57|Chen|ACC5|ACC11|789
427|2026-04-15 20:01:42|Oumar|ACC15|ACC3|5253
428|2026-04-15 20:58:31|Anwar|ACC19|ACC11|3981
429|2026-04-16 22:41:29|William|ACC20|ACC4|2208
430|2026-04-17 03:06:28|Aisha|ACC14|ACC4|6205
431|2026-04-17 05:26:37|Louis|ACC20|ACC17|7034
432|2026-04-17 10:04:25|Awa|ACC1|ACC12|2243
433|2026-04-17 16:54:59|Richard|ACC16|ACC6|2309
434|2026-04-17 19:56:21|Vincent|ACC7|ACC20|8892
435|2026-04-18 02:42:22|Aleksandra|ACC2|ACC1|6856
436|2026-04-18 02:46:03|Selma|ACC20|ACC13|5447
437|2026-04-18 14:27:14|Juan|ACC16|ACC6|4842
438|2026-04-19 06:45:56|Hassan|ACC20|ACC3|3953
439|2026-04-19 10:59:59|Yasmin|ACC13|ACC17|1847
440|2026-04-19 13:30:37|Aisha|ACC18|ACC7|944
441|2026-04-19 15:47:53|Jennifer|ACC11|ACC20|1662
442|2026-04-19 20:15:10|Vera|ACC4|ACC10|9506
443|2026-04-19 21:51:37|Aarav|ACC4|ACC20|772
444|2026-04-20 05:15:20|Aarav|ACC15|ACC2|9314
445|2026-04-20 05:16:04|Khalid|ACC18|ACC9|2958
446|2026-04-20 08:56:17|Aisha|ACC9|ACC16|4095
447|2026-04-20 13:12:17|Ahmed|ACC12|ACC19|5976
448|2026-04-21 11:23:53|Céline|ACC14|ACC20|6726
449|2026-04-22 00:26:47|Céline|ACC10|ACC17|7943
450|2026-04-22 05:12:56|Henry|ACC13|ACC3|2424
451|2026-04-22 15:23:55|Jessica|ACC2|ACC11|9937
452|2026-04-23 01:21:50|Karim|ACC10|ACC20|9975
453|2026-04-23 13:19:13|Isabelle|ACC17|ACC9|2795
454|2026-04-23 17:38:52|Layla|ACC1|ACC9|2694
455|2026-04-23 22:30:06|Khalid|ACC20|ACC13|2627
456|2026-04-24 14:47:44|Robert|ACC5|ACC9|2762
457|2026-04-25 19:13:46|Awa|ACC8|ACC7|9386
458|2026-04-26 18:34:55|Claire|ACC2|ACC16|2261
459|2026-04-27 16:07:08|Kareem|ACC19|ACC14|5103
460|2026-04-27 21:13:55|Rashid|ACC8|ACC16|4261
461|2026-04-29 02:38:28|Karim|ACC15|ACC20|1738
462|2026-04-29 09:37:55|Juan|ACC19|ACC7|7065
463|2026-04-29 11:21:28|Céline|ACC13|ACC14|3349
464|2026-04-29 15:13:47|Monique|ACC2|ACC13|8896
465|2026-04-30 02:30:46|Philippe|ACC2|ACC11|6798
466|2026-04-30 03:36:27|Joseph|ACC11|ACC5|2354
467|2026-04-30 08:12:32|Dawood|ACC17|ACC10|1392
468|2026-04-30 10:37:34|Christine|ACC9|ACC15|8005
469|2026-04-30 12:42:25|Hassan|ACC8|ACC13|4769
470|2026-05-01 13:18:40|Dmitri|ACC5|ACC8|9970
471|2026-05-01 23:25:20|David|ACC13|ACC18|5322
472|2026-05-02 00:42:40|Lucia|ACC19|ACC13|7914
473|2026-05-02 01:08:01|Rashid|ACC20|ACC15|670
474|2026-05-02 07:47:54|Selma|ACC16|ACC7|3811
475|2026-05-02 08:05:02|Aleksandra|ACC15|ACC12|536
476|2026-05-02 09:00:11|Yasmin|ACC1|ACC6|4008
477|2026-05-02 12:44:30|Walid|ACC3|ACC2|608
478|2026-05-02 13:30:23|Vera|ACC15|ACC3|9503
479|2026-05-02 13:59:11|Mary|ACC14|ACC8|2716
480|2026-05-02 20:39:09|Oumar|ACC20|ACC5|7471
481|2026-05-03 16:49:22|Dina|ACC13|ACC6|3153
482|2026-05-04 04:16:16|Charles|ACC16|ACC8|3450
483|2026-05-04 07:32:32|Valérie|ACC5|ACC14|1360
484|2026-05-04 09:39:55|Oumar|ACC4|ACC15|5763
485|2026-05-04 10:09:45|Dawood|ACC17|ACC13|8885
486|2026-05-04 12:04:23|Maria|ACC14|ACC4|272
487|2026-05-04 17:04:34|Samir|ACC12|ACC20|7318
488|2026-05-04 23:21:48|Sarah|ACC16|ACC15|2856
489|2026-05-04 23:52:09|Juan|ACC19|ACC20|3828
490|2026-05-05 03:31:12|Jean|ACC12|ACC11|9239
491|2026-05-05 06:26:46|Pierre|ACC1|ACC7|5542
492|2026-05-05 11:32:33|Jennifer|ACC3|ACC16|7732
493|2026-05-05 14:31:00|Khalid|ACC12|ACC18|9302
494|2026-05-06 05:07:10|Michelle|ACC11|ACC8|211
495|2026-05-06 08:41:40|Céline|ACC13|ACC8|6830
496|2026-05-06 10:26:16|Ibrahim|ACC17|ACC14|3037
497|2026-05-06 10:51:47|Laurence|ACC18|ACC14|8815
498|2026-05-06 17:11:34|Nour|ACC15|ACC19|2469
499|2026-05-06 19:06:05|Jacques|ACC10|ACC4|3280
500|2026-05-06 22:39:20|Georges|ACC1|ACC14|9797
